stage,model,target,imputation_mode,imputation_id,include_eu,lookback,horizon,warm_start,origin_year,test_year,RMSE,MAE,MSE,MAPE,nRMSE,Bias,R2,DA,residual_variance,n_obs
benchmark_eval,Ridge,gdp_growth,imputed,panel_v9_mi1,True,3,1,False,2005,2005,2.6634363470914573,1.9473599620604811,7.093893175007885,1096.508603502506,0.5803002926017595,0.723708451154622,-0.020817937850758,0.6101694915254238,6.683417515713457,59
benchmark_eval,ElasticNet,gdp_growth,imputed,panel_v9_mi1,True,3,1,False,2005,2005,2.665579405089256,1.947852994139708,7.105313564835992,1097.2775543329474,0.5807672146607542,0.7246664162131582,-0.0224613427493334,0.6101694915254238,6.693623394015128,59
benchmark_eval,RandomForest,gdp_growth,imputed,panel_v9_mi1,True,3,1,False,2005,2005,2.126857715733182,1.5214937084745763,4.523523742973769,1116.8205751660175,0.4633923976107302,0.632086623728814,0.34906065467834,0.6610169491525424,4.195093523129928,59
benchmark_eval,Ridge,gdp_growth,imputed,panel_v9_mi1,True,3,1,False,2008,2008,3.5866774608463525,2.774067128723946,12.864255208143238,267.99480101514575,1.1887441167780566,-1.943047327376428,-0.3872219028190291,0.6779661016949152,9.245526124334392,59
benchmark_eval,ElasticNet,gdp_growth,imputed,panel_v9_mi1,True,3,1,False,2008,2008,3.587000092149016,2.774283818055071,12.86656966107705,268.02363577337394,1.1888510475146832,-1.943256623637282,-0.3874714827403598,0.6779661016949152,9.24705306879734,59
benchmark_eval,RandomForest,gdp_growth,imputed,panel_v9_mi1,True,3,1,False,2008,2008,3.535521061223331,2.697048119322034,12.49990917435375,251.4279465473034,1.1717891857168554,-2.148050553898305,-0.3479325082835351,0.711864406779661,8.021749854186295,59
benchmark_eval,Ridge,gdp_growth,imputed,panel_v9_mi1,True,3,1,False,2011,2011,2.57048285149098,1.9320803477618052,6.6073820898092,245.46967789726008,0.664428407339096,0.0495662815665758,0.1035428935632302,0.6949152542372882,6.718803295498464,59
benchmark_eval,ElasticNet,gdp_growth,imputed,panel_v9_mi1,True,3,1,False,2011,2011,2.5705071311702277,1.9321029944192216,6.607506911396993,245.49469783992092,0.6644346832450425,0.0474252743372223,0.1035259583840786,0.6949152542372882,6.719141509143292,59
benchmark_eval,RandomForest,gdp_growth,imputed,panel_v9_mi1,True,3,1,False,2011,2011,2.6093665396847765,1.8843937681355931,6.808793738426504,181.92936850300225,0.6744792143316767,0.3512849925423729,0.0762163516336199,0.6949152542372882,6.800657981965854,59
benchmark_eval,Ridge,gdp_growth,imputed,panel_v9_mi1,True,3,1,False,2014,2014,2.781489252076866,1.949477963853227,7.736682459419123,112.5053270810559,0.7920875483526212,-0.4282917824394572,0.1091361397803929,0.6779661016949152,7.683477032798678,59
benchmark_eval,ElasticNet,gdp_growth,imputed,panel_v9_mi1,True,3,1,False,2014,2014,2.7804447288407026,1.9464683536102745,7.730872890138048,112.11524454727233,0.7917900983988915,-0.4293619736929105,0.1098051003255746,0.6779661016949152,7.676633619920516,59
benchmark_eval,RandomForest,gdp_growth,imputed,panel_v9_mi1,True,3,1,False,2014,2014,2.4704999142968713,1.503277965084746,6.103369826540849,66.68565920677713,0.7035267955321556,-0.2123508918644069,0.2972088963790443,0.7288135593220338,6.162729975700848,59
benchmark_eval,Ridge,gdp_growth,imputed,panel_v9_mi1,True,3,1,False,2017,2017,2.2026327472773324,1.5900345785199612,4.851591019378488,69.02733758838649,0.5798203028576486,0.4503850237004124,-0.1554189389005582,0.6949152542372882,4.728895114456676,59
benchmark_eval,ElasticNet,gdp_growth,imputed,panel_v9_mi1,True,3,1,False,2017,2017,2.201911155448096,1.5897196586173865,4.848412736486769,69.0193170534601,0.5796303512674507,0.4494710663937476,-0.1546620226164756,0.6949152542372882,4.726498643460975,59
benchmark_eval,RandomForest,gdp_growth,imputed,panel_v9_mi1,True,3,1,False,2017,2017,1.8113002072313424,1.3722382976271186,3.280808440716303,51.20828958649013,0.4768060567614746,0.7881843152542373,0.2186669914740601,0.6949152542372882,2.7054286487639176,59
benchmark_eval,Ridge,gdp_growth,imputed,panel_v9_mi1,True,3,1,False,2020,2020,7.986110990502325,7.089035350323739,63.77796875262202,325.3141111880933,1.8918669727164217,-6.967256104508272,-3.2012828260113295,0.3389830508474576,15.497988904862764,59
benchmark_eval,ElasticNet,gdp_growth,imputed,panel_v9_mi1,True,3,1,False,2020,2020,7.9902356458361075,7.096206062241958,63.84386567598995,325.36743871031535,1.8928440815005472,-6.974374108868531,-3.205623691953713,0.3389830508474576,15.464074421836536,59
benchmark_eval,RandomForest,gdp_growth,imputed,panel_v9_mi1,True,3,1,False,2020,2020,7.545150422113328,6.596626044406778,56.92929489231693,274.9719829095949,1.7874057729412691,-6.47090988101695,-2.750136192887026,0.3898305084745763,15.316217104144387,59
benchmark_eval,Ridge,gdp_growth,imputed,panel_v9_mi1,True,3,1,False,2023,2023,2.913587044593746,2.3606919156307,8.488989466424522,424.4331920687495,1.0885676825323296,-1.0293354840370323,-0.2511853889752564,0.6379310344827587,7.559799294879872,58
benchmark_eval,ElasticNet,gdp_growth,imputed,panel_v9_mi1,True,3,1,False,2023,2023,2.900566833657358,2.344416615810758,8.41328795651307,422.31782843710704,1.0837031013037008,-1.020833348866142,-0.2400278037880918,0.6379310344827587,7.500506304572579,58
benchmark_eval,RandomForest,gdp_growth,imputed,panel_v9_mi1,True,3,1,False,2023,2023,2.953474398818668,2.004130175517241,8.723011024477291,430.9869049201805,1.1034703039698923,-0.7317001955172415,-0.2856776398254834,0.7413793103448276,8.331268407100431,58
benchmark_eval,Ridge,gdp_growth,imputed,panel_v9_mi1,True,3,2,False,2005,2006,3.5019803678014276,2.345937382375224,12.263866496466624,37.835434240966535,0.6147887418088881,1.765286462940756,-0.2253990808333936,0.576271186440678,9.305347962297576,59
benchmark_eval,ElasticNet,gdp_growth,imputed,panel_v9_mi1,True,3,2,False,2005,2006,3.500943932759373,2.344808128462089,12.256608420324666,37.81302960084943,0.6146067908758305,1.765763000114783,-0.2246738576881861,0.576271186440678,9.29625305891842,59
benchmark_eval,RandomForest,gdp_growth,imputed,panel_v9_mi1,True,3,2,False,2005,2006,3.487778581257662,2.3968988491525427,12.16459943187971,38.42954792582199,0.6122955529375406,1.8659058430508475,-0.2154803680247634,0.5254237288135594,8.832701623933728,59
benchmark_eval,Ridge,gdp_growth,imputed,panel_v9_mi1,True,3,2,False,2008,2009,8.073148492936472,6.451576111146349,65.17572658900242,589.0081285020201,1.8806090713864263,-6.076640117164785,-1.2872350263058072,0.3559322033898305,28.737243397456783,59
benchmark_eval,ElasticNet,gdp_growth,imputed,panel_v9_mi1,True,3,2,False,2008,2009,8.074390963394414,6.453274532167425,65.19578942974539,589.7420804223553,1.8808985001286551,-6.078251669927235,-1.2879390987339343,0.3559322033898305,28.737726171371687,59
benchmark_eval,RandomForest,gdp_growth,imputed,panel_v9_mi1,True,3,2,False,2008,2009,8.113092299573452,6.273303558305085,65.82226666139806,543.9067349427215,1.8899138284056904,-6.062455641694916,-1.309924287736198,0.3389830508474576,29.57008615480851,59
benchmark_eval,Ridge,gdp_growth,imputed,panel_v9_mi1,True,3,2,False,2011,2012,3.1029249634489706,2.420337503101336,9.628143328794796,1096.333262390818,1.0310483904509182,-1.1232374088688222,-0.1843494864486059,0.6440677966101694,8.510730725424734,59
benchmark_eval,ElasticNet,gdp_growth,imputed,panel_v9_mi1,True,3,2,False,2011,2012,3.1035997166123175,2.421680574322372,9.632331200956058,1097.6968257223966,1.0312725992768537,-1.1233000390915815,-0.1848646329388612,0.6440677966101694,8.51484767525589,59
benchmark_eval,RandomForest,gdp_growth,imputed,panel_v9_mi1,True,3,2,False,2011,2012,3.078377983920173,2.31984942779661,9.47641101188443,1285.2194722719682,1.0228918529800712,-1.0846179823728812,-0.1656850269081036,0.6949152542372882,8.443118548408117,59
benchmark_eval,Ridge,gdp_growth,imputed,panel_v9_mi1,True,3,2,False,2014,2015,4.008489717617614,2.2870369452994344,16.067989816246143,89.65646857078553,1.0716641945281624,-0.287518800785219,-0.0180731986038786,0.6271186440677966,16.26093176846602,59
benchmark_eval,ElasticNet,gdp_growth,imputed,panel_v9_mi1,True,3,2,False,2014,2015,4.00765280925086,2.285596418468219,16.06128103949631,89.63817498859528,1.0714404482311943,-0.2895625255557222,-0.0176481282694729,0.6271186440677966,16.252907593346833,59
benchmark_eval,RandomForest,gdp_growth,imputed,panel_v9_mi1,True,3,2,False,2014,2015,3.9067287626516305,2.0145323366101695,15.262529624929538,77.32857162633596,1.0444585436420597,-0.0664592525423729,0.0329610279981744,0.6779661016949152,15.521183702899686,59
benchmark_eval,Ridge,gdp_growth,imputed,panel_v9_mi1,True,3,2,False,2017,2018,2.034161769653988,1.5985186240867988,4.1378141051218424,170.12499518137415,0.592705593395395,0.0867506168546828,-0.0293526348111907,0.6610169491525424,4.201500305176436,59
benchmark_eval,ElasticNet,gdp_growth,imputed,panel_v9_mi1,True,3,2,False,2017,2018,2.033767149904452,1.59843778037693,4.136208820030477,170.13566792983266,0.5925906107345745,0.0857584728481328,-0.0289532924539848,0.6610169491525424,4.200041447543945,59
benchmark_eval,RandomForest,gdp_growth,imputed,panel_v9_mi1,True,3,2,False,2017,2018,1.7137311051640574,1.281413133898305,2.936874300806821,75.21979283245977,0.4993398395149203,0.5041086423728814,0.2694018573954865,0.6949152542372882,2.729003066758891,59
benchmark_eval,Ridge,gdp_growth,imputed,panel_v9_mi1,True,3,2,False,2020,2021,4.535063967830824,3.693391832282672,20.566805192317453,62.28805321778589,0.7177509831255756,3.1165039223021305,-1.032314927479673,0.9491525423728814,11.041350020361731,59
benchmark_eval,ElasticNet,gdp_growth,imputed,panel_v9_mi1,True,3,2,False,2020,2021,4.529138480151212,3.6943155917573858,20.513095372386427,62.51990196004863,0.7168131739485258,3.1059502360173585,-1.0270075757652295,0.9491525423728814,11.05351623659376,59
benchmark_eval,RandomForest,gdp_growth,imputed,panel_v9_mi1,True,3,2,False,2020,2021,4.628701532574202,3.8762556406779662,21.42487787765477,61.58792937415991,0.7325707198765418,3.4590730664406784,-1.117105633229393,0.9661016949152542,9.62278952624289,59
benchmark_eval,Ridge,gdp_growth,imputed,panel_v9_mi1,True,3,3,False,2005,2007,2.8906505707986963,2.132081604975844,8.355860722458829,70.68751563775658,0.5545499328105571,0.995758931412736,0.0331749916982652,0.5084745762711864,7.491295991470088,59
benchmark_eval,ElasticNet,gdp_growth,imputed,panel_v9_mi1,True,3,3,False,2005,2007,2.8910718204175483,2.132668338353117,8.358296270812437,70.70964463343438,0.5546307464343796,0.9955414741492004,0.0328931836194317,0.5084745762711864,7.494214020683021,59
benchmark_eval,RandomForest,gdp_growth,imputed,panel_v9_mi1,True,3,3,False,2005,2007,3.008771123682578,2.3281091566101693,9.052703674706123,67.63696516182762,0.5772104872639455,1.4207532800000005,-0.0474540680083741,0.5084745762711864,7.155442478145631,59
benchmark_eval,Ridge,gdp_growth,imputed,panel_v9_mi1,True,3,3,False,2008,2010,3.132669514944741,2.577479581067916,9.81361828986412,131.24149182959798,0.6618467946751846,0.3386393448654524,0.1398983176854338,0.9152542372881356,9.866164816455512,59
benchmark_eval,ElasticNet,gdp_growth,imputed,panel_v9_mi1,True,3,3,False,2008,2010,3.131021927161569,2.575773738254045,9.803298308366545,131.16724519550866,0.661498704751228,0.3404406412645743,0.1408027989058504,0.9152542372881356,9.85442258983401,59
benchmark_eval,RandomForest,gdp_growth,imputed,panel_v9_mi1,True,3,3,False,2008,2010,3.3413131150786923,2.706609706101695,11.164373332996874,140.8016169158146,0.705927441331135,0.3810233962711865,0.0215131664926974,0.8983050847457628,11.20918061663724,59
benchmark_eval,Ridge,gdp_growth,imputed,panel_v9_mi1,True,3,3,False,2011,2013,2.707099361220658,2.1461606518573304,7.328386951521296,632.7963495720331,0.8035467669165122,-0.5710153236896413,0.0861234960740403,0.7796610169491526,7.1230582525231325,59
benchmark_eval,ElasticNet,gdp_growth,imputed,panel_v9_mi1,True,3,3,False,2011,2013,2.7066495070572327,2.147271986045412,7.3259515540531615,631.5467059954515,0.8034132369605074,-0.5717567061890122,0.0864271989951023,0.7796610169491526,7.119719026825552,59
benchmark_eval,RandomForest,gdp_growth,imputed,panel_v9_mi1,True,3,3,False,2011,2013,2.58623095393699,1.964876735254237,6.688590547101834,335.74685610555315,0.7676694661840611,0.0401441698305083,0.1659084344463081,0.6949152542372882,6.8022717339844245,59
benchmark_eval,Ridge,gdp_growth,imputed,panel_v9_mi1,True,3,3,False,2014,2016,2.491472757826655,1.8539528376353664,6.2074365029923575,87.28558563968737,0.7561892344976618,-0.4935271694790752,-0.0051539288385771,0.6440677966101694,6.066692736598647,59
benchmark_eval,ElasticNet,gdp_growth,imputed,panel_v9_mi1,True,3,3,False,2014,2016,2.4897504671359703,1.850667215295586,6.198857388603782,87.10012843390129,0.7556665004340923,-0.4935182911079535,-0.0037647353237542,0.6610169491525424,6.057974620893007,59
benchmark_eval,RandomForest,gdp_growth,imputed,panel_v9_mi1,True,3,3,False,2014,2016,2.593718458247283,1.993932012881356,6.727375440652664,86.84676754092345,0.7872219229703211,0.107816201355932,-0.0893462787230228,0.576271186440678,6.831539919574012,59
benchmark_eval,Ridge,gdp_growth,imputed,panel_v9_mi1,True,3,3,False,2017,2019,1.8655297053267672,1.5417339981559524,3.4802010814565754,141.60359215009154,0.6814499170786068,-0.67807892744538,0.0111905378483317,0.6779661016949152,3.072486084949222,59
benchmark_eval,ElasticNet,gdp_growth,imputed,panel_v9_mi1,True,3,3,False,2017,2019,1.8655913272443088,1.5419345968206248,3.480431000289182,141.6647250148622,0.6814724266374088,-0.6790348294961146,0.0111252123364182,0.6779661016949152,3.0714003333896804,59
benchmark_eval,RandomForest,gdp_growth,imputed,panel_v9_mi1,True,3,3,False,2017,2019,2.0658034595033405,1.6345676098305086,4.26754393329597,130.7433314716691,0.7546069044945439,-0.1907873399999998,-0.2125126458569133,0.5932203389830508,4.304094884953621,59
benchmark_eval,Ridge,gdp_growth,imputed,panel_v9_mi1,True,3,3,False,2020,2022,5.021386330436418,2.6499583546416385,25.21432067949372,178.5333903632725,1.1008423835663863,0.3782760135346248,-0.0824687237365826,0.8813559322033898,25.50349048771735,59
benchmark_eval,ElasticNet,gdp_growth,imputed,panel_v9_mi1,True,3,3,False,2020,2022,5.0149613443251235,2.6420639404954236,25.149837285075247,178.28821906068566,1.099433828924361,0.3749619233883636,-0.0797004057419941,0.8813559322033898,25.44043464868904,59
benchmark_eval,RandomForest,gdp_growth,imputed,panel_v9_mi1,True,3,3,False,2020,2022,4.700578487242103,2.3055735277966103,22.095438114723255,151.15174671505383,1.030511433599801,0.4640015081355932,0.0514271234799982,0.9152542372881356,22.25738452060514,59
benchmark_eval,Ridge,gdp_growth,no_imputation,raw,True,3,1,False,2005,2005,2.4085508547792864,1.7420189287190453,5.801117220058032,1981.7277800552824,0.5421725544052061,0.5693269894058053,0.1617648664750091,0.6226415094339622,5.582310614561233,53
benchmark_eval,ElasticNet,gdp_growth,no_imputation,raw,True,3,1,False,2005,2005,2.38987560613408,1.73116983814864,5.711505412794736,1920.2560429875512,0.537968695789544,0.5740975334545704,0.1747133662858805,0.6415094339622641,5.485415847085273,53
benchmark_eval,RandomForest,gdp_growth,no_imputation,raw,True,3,1,False,2005,2005,2.0618592978953227,1.5276275573584903,4.251263764317394,1164.955187029066,0.4641311683935658,0.5234580864150943,0.3857116631239357,0.6037735849056604,4.053741076777965,53
benchmark_eval,LastValue,gdp_growth,no_imputation,raw,True,3,1,False,2005,2005,1.1630693412231492,0.9956372499999998,1.35273029249325,27.899839963135452,0.1806845993920962,-0.94563725,0.858000109151929,0.0,0.6113339785409165,4
benchmark_eval,MovingAverage3,gdp_growth,no_imputation,raw,True,3,1,False,2005,2005,0.8896033061930532,0.6450229999999995,0.7913940423896111,13.066203813310024,0.1382012329792266,0.5542096666666663,0.9169251488927538,0.75,0.6456609170171118,4
benchmark_eval,ARIMA,gdp_growth,no_imputation,raw,True,3,1,False,2005,2005,1.121642583200004,0.8876761665350011,1.2580820844475782,16.721429322230968,0.1742488892308659,-0.0104791225617154,0.8679355968733427,1.0,1.677296363250553,4
benchmark_eval,ARIMAX,gdp_growth,no_imputation,raw,True,3,1,False,2005,2005,3.970289860951899,3.3543045922295027,15.763201579977448,58.03540584187399,0.616790596717276,1.987847295114027,-0.654707458090066,0.5,15.748886281713723,4
benchmark_eval,VAR,gdp_growth,no_imputation,raw,True,3,1,False,2005,2005,3.9778413851375314,2.7592834851558288,15.823222085312874,38.85020828610147,0.6179637375386529,2.7592834851558288,-0.6610079787877787,0.75,10.946102311812238,4
benchmark_eval,DFM,gdp_growth,no_imputation,raw,True,3,1,False,2005,2005,2.426214564620904,2.05206110841809,5.886517113578603,42.68241565212084,0.4535529561305804,1.1016374958392745,0.2613849823690397,1.0,7.009367912009364,3
benchmark_eval,StateSpace_UCM,gdp_growth,no_imputation,raw,True,3,1,False,2005,2005,2.5560844556610154,1.6797933301455634,6.533567744471869,24.0527760454339,0.3970916260227207,0.9139884871678956,0.3141530786203548,1.0,7.597590386395212,4
benchmark_eval,Ridge,gdp_growth,no_imputation,raw,True,3,1,False,2008,2008,3.820378982476322,3.0117235098833315,14.595295569746815,267.86252096363995,1.307013529556123,-2.228216310678451,-0.6110559337050316,0.6666666666666666,9.812052315074707,54
benchmark_eval,ElasticNet,gdp_growth,no_imputation,raw,True,3,1,False,2008,2008,3.812663459897573,3.003336556049279,14.536402658438131,267.66815268635946,1.3043739243116494,-2.2231673937293475,-0.6045552243659424,0.6666666666666666,9.77494693370616,54
benchmark_eval,RandomForest,gdp_growth,no_imputation,raw,True,3,1,False,2008,2008,3.5760438758733013,2.7544672425925927,12.788089802170944,240.94606890700985,1.2234225320293048,-2.0612966055555555,-0.4115731920664141,0.7407407407407407,8.700262070362056,54
benchmark_eval,LastValue,gdp_growth,no_imputation,raw,True,3,1,False,2008,2008,5.11155362425963,3.99906675,26.12798045368175,242.244184782391,1.518094732465981,-3.46173225,-0.9968888615982374,0.0,18.85918704398891,4
benchmark_eval,MovingAverage3,gdp_growth,no_imputation,raw,True,3,1,False,2008,2008,3.3646838196413835,3.1129794166666667,11.32109720615653,201.7084852870031,0.9992869406218826,-1.92520525,0.1347600342812066,0.75,10.152909268705288,4
benchmark_eval,ARIMA,gdp_growth,no_imputation,raw,True,3,1,False,2008,2008,3.4473677411582178,3.076045458054307,11.884344342778313,217.28302116123393,1.0238434717553142,-2.456553053337947,0.091712622505887,0.5,7.799588585219095,4
benchmark_eval,ARIMAX,gdp_growth,no_imputation,raw,True,3,1,False,2008,2008,2.8467322942480267,2.075297583202439,8.103884755114633,121.73582530491748,0.8454590557610905,-1.783972281770409,0.3806426320682641,1.0,6.561770203986018,4
benchmark_eval,VAR,gdp_growth,no_imputation,raw,True,3,1,False,2008,2008,3.768795637139376,3.1740419589065514,14.203820554520792,191.1484625073061,1.1193052494506028,-1.8305079638006632,-0.0855584918912444,0.75,14.47074819864419,4
benchmark_eval,DFM,gdp_growth,no_imputation,raw,True,3,1,False,2008,2008,3.191251293264199,2.6350343710748767,10.184084816760423,168.4150838597118,0.9477787252953525,-0.7242926186794789,0.2216587281894203,0.75,12.879313359049126,4
benchmark_eval,StateSpace_UCM,gdp_growth,no_imputation,raw,True,3,1,False,2008,2008,2.8667949730994646,2.6604999438673183,8.21851341778836,201.40828062821063,0.8514175273574706,-2.079147944297114,0.3718818822614105,0.5,5.194209658017928,4
benchmark_eval,Ridge,gdp_growth,no_imputation,raw,True,3,1,False,2011,2011,2.888283642097145,2.065284980955254,8.342182397205951,207.0642699448209,0.7526066462742725,0.9704570810373144,-0.0627002230565418,0.6666666666666666,7.540025553920874,54
benchmark_eval,ElasticNet,gdp_growth,no_imputation,raw,True,3,1,False,2011,2011,2.8871911565716295,2.0612198107664232,8.335872774585424,207.3234182765037,0.7523219748329094,0.9723297538925602,-0.061896448091314,0.6666666666666666,7.529890032285954,54
benchmark_eval,RandomForest,gdp_growth,no_imputation,raw,True,3,1,False,2011,2011,2.638822444531069,1.8498111974074072,6.963383893760928,190.07832356536656,0.6876039739122713,0.6303952848148145,0.1129432006177965,0.6666666666666666,6.68987220088275,54
benchmark_eval,LastValue,gdp_growth,no_imputation,raw,True,3,1,False,2011,2011,2.0873184624623646,1.98554725,4.35689836373625,53.941492208921815,0.5549817263938452,-1.2092702500000003,-3.393225782704101,0.0,3.8594184349349168,4
benchmark_eval,MovingAverage3,gdp_growth,no_imputation,raw,True,3,1,False,2011,2011,2.6040745817203472,2.476059,6.781204427162001,72.43012679891206,0.6923782034278569,0.6991089999999998,-5.837745487743662,0.5,8.389934711041334,4
benchmark_eval,ARIMA,gdp_growth,no_imputation,raw,True,3,1,False,2011,2011,1.6693098635240424,1.4886801358777852,2.786595420458657,38.88970945276381,0.4438404999551195,0.0722748094489464,-1.8098297975043691,0.75,3.7084956965037006,4
benchmark_eval,ARIMAX,gdp_growth,no_imputation,raw,True,3,1,False,2011,2011,3.4143987888734677,3.0732439283152573,11.658119089460603,98.52567656797834,0.942210772804414,-2.140330105835773,-8.349180498531712,0.3333333333333333,10.615659191270447,3
benchmark_eval,VAR,gdp_growth,no_imputation,raw,True,3,1,False,2011,2011,1.7065289729440276,1.404377650320402,2.912241135497398,45.78523951921351,0.4537364147243385,1.1964484716400052,-1.9365231349916203,1.0,1.974336253610257,4
benchmark_eval,DFM,gdp_growth,no_imputation,raw,True,3,1,False,2011,2011,1.0734283359559034,0.9748671701234164,1.1522483924330595,25.188995554522688,0.2854059511101656,0.8742679515674328,-0.1618557338517499,1.0,0.5172052550601928,4
benchmark_eval,StateSpace_UCM,gdp_growth,no_imputation,raw,True,3,1,False,2011,2011,2.052091102709612,1.7696756984807809,4.21107789381995,53.983590110637046,0.5456153832682177,-0.7788380494426737,-3.2461894750834306,0.75,4.805985582080375,4
benchmark_eval,Ridge,gdp_growth,no_imputation,raw,True,3,1,False,2014,2014,2.602211820835298,1.6997829934023243,6.771506360494958,95.92782369651724,0.7341177405718663,-0.2797633051119985,0.2107500577091648,0.7407407407407407,6.819526379147539,54
benchmark_eval,ElasticNet,gdp_growth,no_imputation,raw,True,3,1,False,2014,2014,2.5986181260528216,1.6937381193383827,6.752816165050278,95.4022378665411,0.7331039126148595,-0.2785867369006227,0.2129284852097543,0.7222222222222222,6.801152870452082,54
benchmark_eval,RandomForest,gdp_growth,no_imputation,raw,True,3,1,False,2014,2014,2.7421323279464622,1.7375610262962964,7.519289703969084,77.6732550421815,0.7735911322910484,0.0236433899999999,0.1235924993664355,0.6851851851851852,7.660593537362889,54
benchmark_eval,LastValue,gdp_growth,no_imputation,raw,True,3,1,False,2014,2014,3.644532852830833,2.29294225,13.28261971536325,35.1357304237698,0.7235163375310403,2.29237675,-0.4528208205100015,0.0,10.703504735230249,4
benchmark_eval,MovingAverage3,gdp_growth,no_imputation,raw,True,3,1,False,2014,2014,4.260853528057837,2.95954575,18.154872787562915,59.622197203237384,0.8458689395493043,1.934079583333333,-0.9857360780249164,0.5,19.2189452705281,4
benchmark_eval,ARIMA,gdp_growth,no_imputation,raw,True,3,1,False,2014,2014,3.953519546543779,2.703186103127697,15.630316804903734,49.47500389332027,0.7848566875864313,2.3356536518651234,-0.7096062502690188,0.25,13.566718431243794,4
benchmark_eval,ARIMAX,gdp_growth,no_imputation,raw,True,3,1,False,2014,2014,5.703978854719044,4.481676696433036,32.53537477508198,101.10569026696842,1.1323596348199467,2.9828491090729745,-2.558640606239952,0.0,31.517314623446055,4
benchmark_eval,VAR,gdp_growth,no_imputation,raw,True,3,1,False,2014,2014,3.61717295560867,3.080503720922536,13.083940190786764,82.85662018192406,0.7180848231414719,1.1931820234151953,-0.4310897346173676,0.25,15.54700913304744,4
benchmark_eval,DFM,gdp_growth,no_imputation,raw,True,3,1,False,2014,2014,2.7142194953587233,1.9413883957220848,7.366987468985362,35.82689998234503,0.5388295915653374,1.9413883957220848,0.1942167276686569,0.75,4.797331421254656,4
benchmark_eval,StateSpace_UCM,gdp_growth,no_imputation,raw,True,3,1,False,2014,2014,4.196519967775907,3.078336646040325,17.6107798399419,64.70311291175139,0.8330973762804041,2.110455089725063,-0.9262245073004928,0.25,17.542345538927304,4
benchmark_eval,Ridge,gdp_growth,no_imputation,raw,True,3,1,False,2017,2017,2.0594447341508,1.4302804190181495,4.241312613021459,57.7941432520612,0.5473606942106921,0.5149706326583435,-0.0209949578154244,0.7037037037037037,4.051138952228866,54
benchmark_eval,ElasticNet,gdp_growth,no_imputation,raw,True,3,1,False,2017,2017,2.0569141574786225,1.4285392257687652,4.230895851235992,57.784101169212576,0.5466881157330727,0.5097414553165637,-0.0184873706059662,0.7222222222222222,4.04598515091053,54
benchmark_eval,RandomForest,gdp_growth,no_imputation,raw,True,3,1,False,2017,2017,1.5919005418352006,1.2161809785185187,2.5341473350952053,44.878613649050614,0.4230964644227687,0.7495289355555557,0.3899644078226995,0.6111111111111112,2.0095679308009187,54
benchmark_eval,LastValue,gdp_growth,no_imputation,raw,True,3,1,False,2017,2017,2.6022362877401717,1.9654707499999995,6.771633697231749,74.82828085151488,0.9347732587901024,1.9654707499999995,-7.270080459220088,0.0,3.8780779041682494,4
benchmark_eval,MovingAverage3,gdp_growth,no_imputation,raw,True,3,1,False,2017,2017,1.9892897828972784,1.6694205000000002,3.957273840339501,60.30201713225117,0.7145911006611921,1.6694205000000002,-3.832950883352323,0.75,1.560412046025667,4
benchmark_eval,ARIMA,gdp_growth,no_imputation,raw,True,3,1,False,2017,2017,1.8433613113327827,1.4809770974305188,3.3979809241185164,55.332157869940914,0.6621707906542699,1.4809770974305188,-3.149896007051166,0.75,1.6062503480063894,4
benchmark_eval,ARIMAX,gdp_growth,no_imputation,raw,True,3,1,False,2017,2017,1.8634538348590055,1.3558462357720185,3.472460194650734,49.75583820925921,0.6693884110457812,1.3558462357720185,-3.240856266773611,0.75,2.178854906124777,4
benchmark_eval,VAR,gdp_growth,no_imputation,raw,True,3,1,False,2017,2017,1.9666657881732104,1.7358823496894464,3.867774322370955,61.946435238778896,0.70646412719045,1.7358823496894464,-3.723646652238366,0.75,1.1393157205434694,4
benchmark_eval,DFM,gdp_growth,no_imputation,raw,True,3,1,False,2017,2017,0.7342675655211296,0.6361711359044336,0.5391488577763264,23.134634089713145,0.2637630134818081,-0.3532878368460906,0.3415467178725879,1.0,0.5524487494839152,4
benchmark_eval,StateSpace_UCM,gdp_growth,no_imputation,raw,True,3,1,False,2017,2017,1.8414925805481424,1.6962184375644396,3.3910949242138564,64.6008174179989,0.661499506661502,1.6962184375644396,-3.141486253098143,0.5,0.6852505817070766,4
benchmark_eval,Ridge,gdp_growth,no_imputation,raw,True,3,1,False,2020,2020,7.530604765753334,6.785813459144794,56.710008137986826,280.1575340299205,1.8369459433615916,-6.619103388027593,-3.446216627976619,0.3518518518518518,13.140827127090128,54
benchmark_eval,ElasticNet,gdp_growth,no_imputation,raw,True,3,1,False,2020,2020,7.530743513121528,6.78594162366042,56.71209786042196,280.14683263649204,1.8369797881088707,-6.620590161912007,-3.446380467816253,0.3518518518518518,13.122900443291678,54
benchmark_eval,RandomForest,gdp_growth,no_imputation,raw,True,3,1,False,2020,2020,7.17899529077383,6.429725037037038,51.537973384952835,255.33301370132895,1.7511775862638486,-6.2332614518518525,-3.040715241634744,0.5,12.923753832486256,54
benchmark_eval,LastValue,gdp_growth,no_imputation,raw,True,3,1,False,2020,2020,6.317123316943758,5.834989,39.90604700147451,148.89683003968983,1.0171989847896228,-4.776314500000001,0.0244465407088749,0.0,22.790489064752336,4
benchmark_eval,MovingAverage3,gdp_growth,no_imputation,raw,True,3,1,False,2020,2020,6.874909182171476,5.921300333333334,47.26437626310567,152.4592363509606,1.1070150588747707,-5.921300333333334,-0.1554370635359188,0.25,16.270104834096298,4
benchmark_eval,ARIMA,gdp_growth,no_imputation,raw,True,3,1,False,2020,2020,6.232517442540859,5.5660687523944885,38.84427367157605,146.74262210111385,1.0035755354390246,-5.030324530842116,0.0504029238336488,0.5,18.05347838131212,4
benchmark_eval,ARIMAX,gdp_growth,no_imputation,raw,True,3,1,False,2020,2020,7.840928847364625,6.689761869737843,61.48016518943474,180.6464575907879,1.2625659597232102,-6.509227995979034,-0.5029598854060071,0.5,25.48015478106335,4
benchmark_eval,VAR,gdp_growth,no_imputation,raw,True,3,1,False,2020,2020,6.996535924486664,6.029431250036746,48.95151494263245,149.98726835342327,1.126599700902328,-5.715256866101907,-0.1966812883787201,0.25,21.716471862809957,4
benchmark_eval,DFM,gdp_growth,no_imputation,raw,True,3,1,False,2020,2020,8.265681887931292,7.326743686441119,68.32149707247541,174.96002164775777,1.3309607558944128,-6.202246708319245,-0.6702048391447821,0.0,39.804843788824655,4
benchmark_eval,StateSpace_UCM,gdp_growth,no_imputation,raw,True,3,1,False,2020,2020,6.359213711807174,5.466681951479769,40.43959903243638,144.1178496649932,1.023976485366448,-5.338255316120522,0.0114031909253843,0.5,15.923505616463151,4
benchmark_eval,Ridge,gdp_growth,no_imputation,raw,True,3,2,False,2005,2006,2.6956279241413994,1.923052616218354,7.266409905410871,36.56048672084805,0.5082066267149769,1.180476559018788,0.0077248272477956,0.6296296296296297,5.983694149942902,54
benchmark_eval,ElasticNet,gdp_growth,no_imputation,raw,True,3,2,False,2005,2006,2.6907093009727103,1.9259195937966296,7.239916542341052,36.60297415952185,0.5072793188820763,1.1836409152726044,0.0113426669732034,0.6296296296296297,5.94907885293998,54
benchmark_eval,RandomForest,gdp_growth,no_imputation,raw,True,3,2,False,2005,2006,2.6958326063654017,2.002080765925926,7.267513441542875,36.30072319114701,0.5082452154466327,1.4029068037037038,0.0075741322663294,0.5555555555555556,5.399353978299915,54
benchmark_eval,LastValue,gdp_growth,no_imputation,raw,True,3,2,False,2005,2006,1.933725628673572,1.6733715,3.739294806989,25.708344069758457,0.3171703908554382,1.5615465,0.3225632831139291,0.0,1.734489780435667,4
benchmark_eval,MovingAverage3,gdp_growth,no_imputation,raw,True,3,2,False,2005,2006,1.739372378218753,1.51898525,3.0254162701103606,22.23630080883019,0.2852924990300795,1.4756184166666666,0.4518944958801977,0.5,1.130622078006028,4
benchmark_eval,ARIMA,gdp_growth,no_imputation,raw,True,3,2,False,2005,2006,1.0098263407628474,0.8606899985488392,1.0197492384984823,18.724299593700177,0.1656320888789007,0.3877312797107144,0.815255118455945,0.75,1.159218257643165,4
benchmark_eval,ARIMAX,gdp_growth,no_imputation,raw,True,3,2,False,2005,2006,2.6239031741852603,1.999467750896923,6.884867867499484,27.39672851309645,0.4303735664371494,1.6801809775124967,-0.2473106628650405,0.5,5.415813000406179,4
benchmark_eval,VAR,gdp_growth,no_imputation,raw,True,3,2,False,2005,2006,2.9427103467555047,2.647370865728636,8.659544184901902,40.54263878070673,0.482664436471789,2.3159586555518814,-0.5688233972312917,0.25,4.394506254234964,4
benchmark_eval,Ridge,gdp_growth,no_imputation,raw,True,3,2,False,2008,2009,8.361084833596024,6.644530274737514,69.90773959458944,606.7100366166841,1.9438399366352597,-6.299358124100252,-1.4416052648835556,0.3148148148148148,30.79612543814652,54
benchmark_eval,ElasticNet,gdp_growth,no_imputation,raw,True,3,2,False,2008,2009,8.362832293084903,6.651741125911825,69.9369639622637,613.4301356216482,1.9442461974985017,-6.305498556532836,-1.442625958305917,0.3148148148148148,30.74704157461519,54
benchmark_eval,RandomForest,gdp_growth,no_imputation,raw,True,3,2,False,2008,2009,8.343312350362494,6.47490146074074,69.61086097571132,496.34405235538514,1.9397080729632512,-6.043705400740742,-1.431236450170224,0.3518518518518518,33.708721589764174,54
benchmark_eval,LastValue,gdp_growth,no_imputation,raw,True,3,2,False,2008,2009,3.791896380442179,3.030018,14.378478160010498,66.26337164513836,0.7828405780480484,-0.6424225000000003,0.4671004565184569,0.0,18.621028655339,4
benchmark_eval,MovingAverage3,gdp_growth,no_imputation,raw,True,3,2,False,2008,2009,4.972572616036553,3.918231499999999,24.72647842175661,88.0915959213666,1.0265922985664535,-3.1219946666666676,0.0835797143325282,0.5,19.972836964081996,4
benchmark_eval,ARIMA,gdp_growth,no_imputation,raw,True,3,2,False,2008,2009,6.449418191288143,4.551271557673054,41.594995006118424,104.14139337234616,1.3314884581189037,-4.476212589576784,-0.5416063927770636,0.5,28.744687812043622,4
benchmark_eval,ARIMAX,gdp_growth,no_imputation,raw,True,3,2,False,2008,2009,6.3912510884532265,5.878458224717399,40.84809047565456,159.9330733927674,1.3194798049706982,-2.043956180966482,-0.5139243892382275,0.5,48.89377814125797,4
benchmark_eval,VAR,gdp_growth,no_imputation,raw,True,3,2,False,2008,2009,6.569074419788319,5.135784437980662,43.15273873271724,118.37835041769443,1.35619159915653,-5.135784437980662,-0.5993399659360426,0.25,22.3686092524172,4
benchmark_eval,Ridge,gdp_growth,no_imputation,raw,True,3,2,False,2011,2012,3.250756720550721,2.550343801726255,10.567419256205678,1259.907108804729,1.082243671170106,-1.4801798756058435,-0.3149293814484397,0.6111111111111112,8.534533712662004,54
benchmark_eval,ElasticNet,gdp_growth,no_imputation,raw,True,3,2,False,2011,2012,3.248359494038067,2.550060993641889,10.551839402507248,1254.4845512597672,1.081445585233598,-1.4814804072907517,-0.3129907427997742,0.6111111111111112,8.514735492213724,54
benchmark_eval,RandomForest,gdp_growth,no_imputation,raw,True,3,2,False,2011,2012,2.8270375274980415,2.0830259192592595,7.99214118188224,1516.518102639791,0.9411788501284136,-0.9203653318518518,0.005518660143101,0.6851851851851852,7.279881457388744,54
benchmark_eval,LastValue,gdp_growth,no_imputation,raw,True,3,2,False,2011,2012,3.787531603241384,2.87127975,14.34539564555225,211.30238685467535,1.6685876086862297,-2.5684782499999996,-1.382657320057342,0.0,10.331086833105582,4
benchmark_eval,MovingAverage3,gdp_growth,no_imputation,raw,True,3,2,False,2011,2012,2.6346788921442537,2.2958272500000003,6.941532864710473,152.9760662686243,1.160701219901845,-1.7318367500000005,-0.1529339797364863,0.5,5.256365781413213,4
benchmark_eval,ARIMA,gdp_growth,no_imputation,raw,True,3,2,False,2011,2012,4.497452665243947,3.748570677028416,20.227080476109883,251.27208888154016,1.981341563317021,-3.748570677028416,-2.359558882207242,0.25,8.233731140576806,4
benchmark_eval,ARIMAX,gdp_growth,no_imputation,raw,True,3,2,False,2011,2012,4.693321855713944,4.071892355006236,22.02727004132218,265.96695456399175,2.0676312470418887,-4.071892355006236,-2.658556201697262,0.5,7.262616920751927,4
benchmark_eval,VAR,gdp_growth,no_imputation,raw,True,3,2,False,2011,2012,2.804910710263104,2.5352663426288946,7.8675240925486705,145.20115463679755,1.2356964231297607,-2.5352663426288946,-0.3067338352323947,0.75,1.919931552642372,4
benchmark_eval,Ridge,gdp_growth,no_imputation,raw,True,3,2,False,2014,2015,4.252852054056305,2.239140559130668,18.086750593690937,80.95171215557228,1.1282275266472894,-0.1553366446163474,-0.0552411050440657,0.6296296296296297,18.403425292615744,54
benchmark_eval,ElasticNet,gdp_growth,no_imputation,raw,True,3,2,False,2014,2015,4.252369186232511,2.234803658943238,18.082643696019748,81.0140795718085,1.128099427958783,-0.1522498529005924,-0.0550014949928074,0.6296296296296297,18.40020827601549,54
benchmark_eval,RandomForest,gdp_growth,no_imputation,raw,True,3,2,False,2014,2015,4.383575550419448,2.379371597407408,19.215734606235166,96.5013437131113,1.1629068065991526,-0.0776227633333332,-0.1211097822728999,0.5925925925925926,19.57215665837308,54
benchmark_eval,LastValue,gdp_growth,no_imputation,raw,True,3,2,False,2014,2015,2.8925699159635276,2.1841722500000005,8.36696071873725,71.68713001563876,0.7896714602976111,2.1841722500000005,-3.217953348728054,0.0,4.7951364014229165,4
benchmark_eval,MovingAverage3,gdp_growth,no_imputation,raw,True,3,2,False,2014,2015,1.5874604538256831,1.0064286666666669,2.5200306924604448,36.22924214273609,0.433376634327494,0.7543253333333334,-0.2703982073630682,0.75,2.601365311936,4
benchmark_eval,ARIMA,gdp_growth,no_imputation,raw,True,3,2,False,2014,2015,1.1032346491391314,1.0462481775570325,1.2171266910611425,30.368454661476328,0.3011830108681824,0.0517827306857616,0.3864219308582535,0.75,1.6192603198184912,4
benchmark_eval,ARIMAX,gdp_growth,no_imputation,raw,True,3,2,False,2014,2015,2.311105901686476,1.9415955446994415,5.341210488810059,53.310863725580845,0.630931809881341,-0.4446972832331646,-1.6926117409737156,0.75,6.857939753460137,4
benchmark_eval,VAR,gdp_growth,no_imputation,raw,True,3,2,False,2014,2015,1.4770006757308412,1.3715539035733473,2.1815309961093616,46.11517896212825,0.4032211197482558,1.3715539035733473,-0.0997536954831364,0.75,0.4004945142694334,4
benchmark_eval,Ridge,gdp_growth,no_imputation,raw,True,3,2,False,2017,2018,1.8068538606780984,1.3639983689279664,3.264720873847349,191.9053918530759,0.5275099880671166,0.2943932757794155,0.0920336189649907,0.6481481481481481,3.2380167460991243,54
benchmark_eval,ElasticNet,gdp_growth,no_imputation,raw,True,3,2,False,2017,2018,1.804051147229248,1.3631952724325913,3.2546005418191646,192.16172695524892,0.526691737421542,0.293378271538576,0.0948482305662804,0.6666666666666666,3.2283133114498663,54
benchmark_eval,RandomForest,gdp_growth,no_imputation,raw,True,3,2,False,2017,2018,1.7540060008607543,1.382570473703704,3.0765370510555363,73.20469638883628,0.5120810845413175,0.7302473418518521,0.144370278407566,0.5925925925925926,2.5912622079582524,54
benchmark_eval,LastValue,gdp_growth,no_imputation,raw,True,3,2,False,2017,2018,0.4569400295689795,0.4111284999999998,0.2087941906224999,11.67481150801568,0.1078848892957166,-0.0640164999999997,0.9298089899289514,0.0,0.2729281044669999,4
benchmark_eval,MovingAverage3,gdp_growth,no_imputation,raw,True,3,2,False,2017,2018,0.4615347572792683,0.3112493333333331,0.2130143321768331,11.080360645810018,0.1089697180659954,-0.3112493333333331,0.9283902914610568,0.75,0.1548509129018517,4
benchmark_eval,ARIMA,gdp_growth,no_imputation,raw,True,3,2,False,2017,2018,0.6967107311189075,0.4550860516454139,0.4854058428562425,11.966742735592929,0.1644954594343639,-0.4477916217030061,0.8368195671398304,1.0,0.3798513418517792,4
benchmark_eval,ARIMAX,gdp_growth,no_imputation,raw,True,3,2,False,2017,2018,1.2726864390401091,1.2452119002771913,1.6197307721165934,32.236865329342976,0.3004850236332264,1.2452119002771913,0.4554899319800732,0.75,0.0922374606995459,4
benchmark_eval,VAR,gdp_growth,no_imputation,raw,True,3,2,False,2017,2018,0.7857897834137332,0.7021778050757314,0.6174655837174017,18.722576665474005,0.1855272865309301,0.3382282193910605,0.7924246221792938,0.5,0.6707563404332725,4
benchmark_eval,Ridge,gdp_growth,no_imputation,raw,True,3,2,False,2020,2021,4.8108898148351615,4.00830922912675,23.14466081048469,63.536593170275914,0.7671754126855935,3.61026243405836,-1.5188691049601872,0.9444444444444444,10.30143325012136,54
benchmark_eval,ElasticNet,gdp_growth,no_imputation,raw,True,3,2,False,2020,2021,4.810512132035391,4.009292020972443,23.141026972459684,63.58396423953307,0.7671151849587217,3.609133200565487,-1.5184736287677052,0.9444444444444444,10.306037051017409,54
benchmark_eval,RandomForest,gdp_growth,no_imputation,raw,True,3,2,False,2020,2021,4.6421783138048545,3.8803328492592586,21.549819497160083,60.09666296861226,0.7402715923094525,3.4818833159259253,-1.3453000669716215,0.9629629629629628,9.604162940709152,54
benchmark_eval,LastValue,gdp_growth,no_imputation,raw,True,3,2,False,2020,2021,13.843696820619463,13.155914,191.64794166122945,195.19804432720747,2.0079162160497206,13.155914,-39.26944834097798,0.0,24.759824647777993,4
benchmark_eval,MovingAverage3,gdp_growth,no_imputation,raw,True,3,2,False,2020,2021,8.92758120622787,7.750416749999999,79.70170619379309,108.6328387974641,1.2948734219161802,7.750416749999999,-15.74708171889565,1.0,26.176995193483364,4
benchmark_eval,ARIMA,gdp_growth,no_imputation,raw,True,3,2,False,2020,2021,6.974673406635277,5.663543897459412,48.64606912922534,76.64639760460045,1.0116199463408255,5.663543897459412,-9.221609221630796,1.0,22.093786201034103,4
benchmark_eval,ARIMAX,gdp_growth,no_imputation,raw,True,3,2,False,2020,2021,4.309589128600584,3.5482983353781306,18.572558457352343,49.63247039477899,0.6250710347065727,3.5482983353781306,-2.902503083911003,1.0,7.976183174006849,4
benchmark_eval,VAR,gdp_growth,no_imputation,raw,True,3,2,False,2020,2021,5.699575159117358,4.888575361539561,32.485156994427655,67.06024390304846,0.826677262213679,4.888575361539561,-5.825846080559841,1.0,11.44931723863467,4
benchmark_eval,Ridge,gdp_growth,no_imputation,raw,True,3,3,False,2005,2007,2.9967589571644586,2.2339746618959393,8.980564247345415,65.78586027224125,0.5782779155152327,1.356055911579323,-0.1107737664301062,0.4814814814814814,7.276425227337245,54
benchmark_eval,ElasticNet,gdp_growth,no_imputation,raw,True,3,3,False,2005,2007,2.987020687526756,2.232157782475419,8.922292587712812,65.62529764120576,0.5763987432670434,1.3427794818215213,-0.1035663539487166,0.4814814814814814,7.253561055646126,54
benchmark_eval,RandomForest,gdp_growth,no_imputation,raw,True,3,3,False,2005,2007,2.9304654566640784,2.1667097233333332,8.587627792701406,74.13975005880353,0.5654854060643419,1.3668798396296296,-0.0621728663450549,0.4444444444444444,6.846045924955398,54
benchmark_eval,LastValue,gdp_growth,no_imputation,raw,True,3,3,False,2005,2007,1.4556892158123071,1.11728475,2.11903109303225,42.05147884545038,0.3272149429980113,-0.2462902499999999,0.4788161181642153,0.0,2.7444962743829167,4
benchmark_eval,MovingAverage3,gdp_growth,no_imputation,raw,True,3,3,False,2005,2007,0.931714017759652,0.8520086666666665,0.868091010889833,29.386685119658384,0.2094339546518848,-0.6526863333333331,0.7864896629737996,1.0,0.5894554148929628,4
benchmark_eval,ARIMA,gdp_growth,no_imputation,raw,True,3,3,False,2005,2007,1.4885577776237404,1.2472176748545756,2.215804257324129,35.83690285355347,0.3346032539525258,-1.2472176748545756,0.4550143846318391,1.0,0.8803364384726335,4
benchmark_eval,ARIMAX,gdp_growth,no_imputation,raw,True,3,3,False,2005,2007,2.6835988621979583,2.265691895767174,7.2017028531901754,52.04861809690931,0.6032287930591187,-0.0766683658844848,-0.7712866324592329,0.75,9.594433086483704,4
benchmark_eval,VAR,gdp_growth,no_imputation,raw,True,3,3,False,2005,2007,3.1830339607709477,2.430671735811655,10.131705195421189,59.762467706271934,0.7154935715129271,0.9200537314464088,-1.491932025315042,0.75,12.380275102230303,4
benchmark_eval,Ridge,gdp_growth,no_imputation,raw,True,3,3,False,2008,2010,3.3072507917218283,2.731897503446779,10.93790779934466,137.86075641143472,0.7052580926537433,-0.0041664818998182,0.0452575202110547,0.8888888888888888,11.144265731089716,54
benchmark_eval,ElasticNet,gdp_growth,no_imputation,raw,True,3,3,False,2008,2010,3.314999284838889,2.739890777263269,10.989220258482348,138.07401870978327,0.7069104280285983,-0.0081150217829074,0.0407785846248432,0.9074074074074074,11.19649694084539,54
benchmark_eval,RandomForest,gdp_growth,no_imputation,raw,True,3,3,False,2008,2010,3.3728610376595447,2.683906621111111,11.37619157936182,132.69304518309482,0.7192492169508173,0.2993681751851851,0.0070008306629925,0.9074074074074074,11.499524431181094,54
benchmark_eval,LastValue,gdp_growth,no_imputation,raw,True,3,3,False,2008,2010,6.154051961483973,5.78688275,37.87235554464474,313.5132936391602,3.2756355416274525,5.78688275,-73.91244377204437,0.0,5.845791443196248,4
benchmark_eval,MovingAverage3,gdp_growth,no_imputation,raw,True,3,3,False,2008,2010,1.3493751654103652,0.9853865833333334,1.8208133370262505,54.21108494401394,0.7182359327596207,0.9795849166666664,-2.601613228640462,1.0,1.1483023040872136,4
benchmark_eval,ARIMA,gdp_growth,no_imputation,raw,True,3,3,False,2008,2010,3.0865271656283935,2.6080922106646653,9.526649944162044,152.78395905406393,1.6428749947527297,-2.6080922106646653,-17.8439461452749,1.0,3.632673286443123,4
benchmark_eval,ARIMAX,gdp_growth,no_imputation,raw,True,3,3,False,2008,2010,1.7634118374630574,1.7357006033649822,3.109621308504836,127.32727694987636,1.1066026111875604,-1.7357006033649822,-7.917235833916051,1.0,0.1454470859749091,3
benchmark_eval,VAR,gdp_growth,no_imputation,raw,True,3,3,False,2008,2010,1.3445764208035489,1.0544478747203565,1.8078857513808824,107.2811717284968,0.8437687366004213,-1.0544478747203565,-4.184343045806852,1.0,1.0440381463179094,3
benchmark_eval,Ridge,gdp_growth,no_imputation,raw,True,3,3,False,2011,2013,2.7905251432114513,2.2082740730300436,7.787030574895291,635.0573644369756,0.8466991221214809,-0.548083382516573,0.0812856553546638,0.7407407407407407,7.627892448264944,54
benchmark_eval,ElasticNet,gdp_growth,no_imputation,raw,True,3,3,False,2011,2013,2.7937366388607914,2.211651441091764,7.804964407313192,637.9602592885057,0.8476735518103186,-0.5498950527582611,0.079169820706485,0.7407407407407407,7.644137948421129,54
benchmark_eval,RandomForest,gdp_growth,no_imputation,raw,True,3,3,False,2011,2013,2.5394103235318695,1.845701863333333,6.448604791260234,355.6680171691518,0.7705060450257105,0.0886044359259261,0.2391932113661845,0.6666666666666666,6.562277706424566,54
benchmark_eval,LastValue,gdp_growth,no_imputation,raw,True,3,3,False,2011,2013,2.557391574427986,2.11422875,6.540251664955252,118.71367429297864,1.331759233809542,-0.5771917500000002,-5.090900802143052,0.0,8.276135131582919,4
benchmark_eval,MovingAverage3,gdp_growth,no_imputation,raw,True,3,3,False,2011,2013,2.069309148772517,1.96375525,4.282040353193639,164.6749777789734,1.077590774146802,-1.4536294166666668,-2.9878408902564,0.75,2.892002496259954,4
benchmark_eval,ARIMA,gdp_growth,no_imputation,raw,True,3,3,False,2011,2013,2.8397783243139454,2.4840330529756,8.06434093124332,188.72349740096217,1.478811865649939,-2.1439495686576717,-6.510276846082353,0.75,4.623761571061205,4
benchmark_eval,ARIMAX,gdp_growth,no_imputation,raw,True,3,3,False,2011,2013,4.186123718952574,3.1146186766977295,17.523631790377333,318.44238812327745,2.179919951379043,-3.1146186766977295,-15.319662972663156,0.75,10.430376385524026,4
benchmark_eval,VAR,gdp_growth,no_imputation,raw,True,3,3,False,2011,2013,1.8561858661467443,1.2975478140870305,3.4454259696829403,151.0766202544334,0.9666070271075332,-0.9716501241514508,-2.20870646536656,0.75,3.3350960078925476,4
benchmark_eval,Ridge,gdp_growth,no_imputation,raw,True,3,3,False,2014,2016,2.2084292468728535,1.6574186387491825,4.8771597384434,77.86293768626132,0.67189051556623,-0.2336381878234665,0.052793351678914,0.6111111111111112,4.913564877815738,54
benchmark_eval,ElasticNet,gdp_growth,no_imputation,raw,True,3,3,False,2014,2016,2.206332556320878,1.6567397813456368,4.867903349081421,77.80686168311225,0.6712526203300822,-0.2301324878596708,0.0545910605942085,0.6111111111111112,4.905790356681108,54
benchmark_eval,RandomForest,gdp_growth,no_imputation,raw,True,3,3,False,2014,2016,2.2803528755814333,1.7925348414814808,5.200009237172512,79.69997429986365,0.6937724952777512,0.150230154814815,-0.0099081401735849,0.6666666666666666,5.275127687525827,54
benchmark_eval,LastValue,gdp_growth,no_imputation,raw,True,3,3,False,2014,2016,0.8413549214885475,0.6421924999999999,0.707878103913,36.30793442401832,0.4347162973113631,-0.5072725,0.8408255244605889,0.0,0.6007369528756668,4
benchmark_eval,MovingAverage3,gdp_growth,no_imputation,raw,True,3,3,False,2014,2016,2.194441644117182,1.8714426666666664,4.8155741294357215,108.36783213648788,1.1338372449390453,-1.8714426666666664,-0.0828368362249754,0.75,1.7510352997537035,4
benchmark_eval,ARIMA,gdp_growth,no_imputation,raw,True,3,3,False,2014,2016,3.966586875558524,3.1562050524519387,15.733811441353136,181.71089644846492,2.0494798514471184,-2.4348062692010912,-2.537927180639523,0.75,13.074039830416266,4
benchmark_eval,ARIMAX,gdp_growth,no_imputation,raw,True,3,3,False,2014,2016,5.496993421990142,4.703448420755603,30.216936681402892,285.98444904329466,2.8402194671003675,-3.600424169065346,-5.794623286244536,0.5,23.00517664561734,4
benchmark_eval,VAR,gdp_growth,no_imputation,raw,True,3,3,False,2014,2016,3.974320611054899,3.033307732228709,15.795224319455787,128.9712515105863,2.0534757641986854,-2.409645665822407,-2.551736567607872,0.75,13.318442779518769,4
benchmark_eval,Ridge,gdp_growth,no_imputation,raw,True,3,3,False,2017,2019,1.7672118891243596,1.4129767594452336,3.1230378610624876,135.6209785817097,0.6376686397398712,-0.5082464562492343,0.029295808166495,0.5925925925925926,2.9187747856928192,54
benchmark_eval,ElasticNet,gdp_growth,no_imputation,raw,True,3,3,False,2017,2019,1.7674250216722025,1.4150638060705576,3.1237912072329856,135.66337788648056,0.6377455450293295,-0.5082062264250782,0.0290616527325434,0.5740740740740741,2.9195840091964427,54
benchmark_eval,RandomForest,gdp_growth,no_imputation,raw,True,3,3,False,2017,2019,1.8700115042383585,1.4721477796296298,3.4969430259838075,113.2832276288826,0.6747621490914897,0.0467769211111111,-0.0869215824269842,0.7222222222222222,3.5606937181943277,54
benchmark_eval,LastValue,gdp_growth,no_imputation,raw,True,3,3,False,2017,2019,2.1001346849427303,1.5060980000000002,4.410565694899502,66.36532059768594,0.7667512993277131,0.4021385,-3.3678453502830097,0.0,5.665133762289667,4
benchmark_eval,MovingAverage3,gdp_growth,no_imputation,raw,True,3,3,False,2017,2019,2.181385165743655,1.40888575,4.758441241326473,51.77151378343165,0.7964155452314511,0.92653925,-3.7123514052988913,0.75,5.199955012714546,4
benchmark_eval,ARIMA,gdp_growth,no_imputation,raw,True,3,3,False,2017,2019,3.1480631010707865,2.468327929158065,9.910301288323415,81.84856083827616,1.149346035003216,2.070334489748965,-8.814310996923826,0.75,7.4986885185057455,4
benchmark_eval,ARIMAX,gdp_growth,no_imputation,raw,True,3,3,False,2017,2019,3.7227072191128334,3.135322090639651,13.858549039234806,108.1048226592226,1.3591464479571036,2.6668593447627273,-12.72431637345107,0.75,8.995213699315363,4
benchmark_eval,VAR,gdp_growth,no_imputation,raw,True,3,3,False,2017,2019,2.7102132700949215,2.2468871062717355,7.345255969398608,72.70099233874559,0.9894887033672124,0.5742211186931465,-6.274110477410601,0.5,9.3540347683272,4
benchmark_eval,Ridge,gdp_growth,no_imputation,raw,True,3,3,False,2020,2022,5.072617326179193,2.6394199074079965,25.731446537853344,158.157053335021,1.124081584603606,0.3742872521801005,-0.0106490498147964,0.8867924528301887,26.08349704437629,53
benchmark_eval,ElasticNet,gdp_growth,no_imputation,raw,True,3,3,False,2020,2022,5.07086538154929,2.63866817686885,25.71367571779503,156.69776910369842,1.1236933572706362,0.377896610034466,-0.0099510687518218,0.8867924528301887,26.062617367417943,53
benchmark_eval,RandomForest,gdp_growth,no_imputation,raw,True,3,3,False,2020,2022,4.847348928667857,2.2745184392452833,23.496791636257413,105.97780798694336,1.0741625702263893,0.4461322467924529,0.077121058625843,0.9056603773584906,23.745791455679896,53
benchmark_eval,LastValue,gdp_growth,no_imputation,raw,True,3,3,False,2020,2022,5.533629986865945,4.282667,30.621060831541996,228.47021050111465,1.8528713675108632,-4.282667,-13.144542531676148,0.0,16.37309893153733,4
benchmark_eval,MovingAverage3,gdp_growth,no_imputation,raw,True,3,3,False,2020,2022,1.6456963416440085,1.44776675,2.7083164489004727,56.38806092620615,0.5510421980304028,0.6087897499999999,-0.2510310276791858,1.0,3.1169219855938803,4
benchmark_eval,ARIMA,gdp_growth,no_imputation,raw,True,3,3,False,2020,2022,0.9575000279197882,0.9305620189812638,0.916806303466395,42.02777426041459,0.3206077006114082,0.3454418501510014,0.5765069726346189,1.0,1.0633016421741974,4
benchmark_eval,VAR,gdp_growth,no_imputation,raw,True,3,3,False,2020,2022,1.6443474427884217,1.5880510099962388,2.7038785126048213,73.63893359162194,0.5505905350039414,-0.2336972877833498,-0.2489810471435001,0.75,3.53235212038337,4
